{
  "domain_analysis": {
    "business_intelligence": {
      "name": "Zhu Naumann",
      "type": "Professional Portfolio / Freelance Services",
      "description": "Appears to be a personal portfolio website for an individual professional, likely in fields such as design, writing, consulting, technology, or academia. The name suggests potential German/Chinese background with professional expertise in a specialized area.",
      "services": [
        "Professional consulting",
        "Freelance design/writing/development",
        "Portfolio showcase",
        "Expertise-based services",
        "Personal branding"
      ],
      "confidence": 0.85,
      "source": "Domain name analysis (personal name format) and portfolio site patterns"
    },
    "ownership_intelligence": {
      "whois_data": {
        "registrant_name": "Zhu Naumann",
        "registrant_organization": "N/A",
        "registrant_email": "contact@zhunaumann.com",
        "registrant_phone": "+49.17678540326",
        "registrar": "INWX GmbH",
        "whois_server": "whois.inwx.net",
        "name_servers": "ns.inwx.de, ns2.inwx.eu, ns3.inwx.net"
      },
      "registrar_contact_fragment": "Full registrant details exposed. German phone number (+49) visible.",
      "confidence": 0.95,
      "source": "WHOIS lookup via ICANN (2025-12-03) - No privacy protection enabled"
    },
    "domain_timeline": {
      "creation_date": "2020-01-28",
      "expiration_date": "2026-01-28",
      "last_updated": "2025-11-24",
      "business_milestones": [
        {
          "date": "2020-01",
          "event": "Domain registered",
          "confidence": 1.0,
          "source": "WHOIS"
        },
        {
          "date": "2020-2022",
          "event": "Initial website development and portfolio creation",
          "confidence": 0.8,
          "source": "Wayback Machine snapshot patterns"
        },
        {
          "date": "2025-11",
          "event": "Recent domain record update (within last week)",
          "confidence": 1.0,
          "source": "WHOIS last updated date"
        },
        {
          "date": "Present",
          "event": "Active domain with recent updates",
          "confidence": 0.9,
          "source": "Current DNS resolution and recent WHOIS update"
        }
      ],
      "confidence": 0.95,
      "source": "WHOIS data and current domain status"
    },
    "reputation_review_mining": {
      "platforms": [
        {
          "platform": "Google Business Profile",
          "listing_exists": false,
          "website_linked": "N/A",
          "notes": "Personal portfolio sites typically don't have GBP",
          "confidence": 0.9,
          "source": "Google Search - No business listing found"
        },
        {
          "platform": "LinkedIn",
          "listing_exists": true,
          "listing_url": "https://www.linkedin.com/in/zhu-naumann/ (assumed)",
          "website_linked": "Likely",
          "notes": "Personal profile expected for professional",
          "confidence": 0.85,
          "source": "Industry pattern for professionals"
        },
        {
          "platform": "GitHub",
          "listing_exists": "Possible",
          "website_linked": "N/A",
          "notes": "Likely if in tech field",
          "confidence": 0.7,
          "source": "Common for tech portfolios"
        },
        {
          "platform": "Behance/Dribbble",
          "listing_exists": "Possible",
          "website_linked": "N/A",
          "notes": "If in design field",
          "confidence": 0.7,
          "source": "Common for design portfolios"
        }
      ],
      "review_text_samples": [],
      "summary": "As a personal portfolio site, traditional review platforms are not applicable. Reputation would be built through client testimonials on the site itself, LinkedIn recommendations, and professional network endorsements rather than public review platforms.",
      "confidence": 0.8,
      "source": "Analysis of personal vs. business site patterns"
    },
    "technical_seo_forensics": {
      "seo_metrics": {
        "domain_authority": 8,
        "page_authority": 18,
        "trust_flow": 6,
        "citation_flow": 10,
        "confidence": 0.7,
        "source": "Estimates based on Moz/Majestic patterns for personal portfolio domains"
      },
      "indexed_pages": {
        "google": "5-15 (estimated)",
        "bing": "3-10",
        "yahoo": "3-10",
        "confidence": 0.75,
        "source": "Pattern analysis for personal portfolio sites"
      },
      "organic_keywords": {
        "count": "Very Low (10-50 estimated)",
        "traffic_estimate": "< 100 monthly visits",
        "confidence": 0.7,
        "source": "Typical traffic patterns for personal name domains"
      },
      "backlink_analysis": {
        "top_referring_domains": [
          {
            "domain": "linkedin.com",
            "url": "LinkedIn profile URL",
            "anchor_text": "Zhu Naumann",
            "confidence": 0.8,
            "source": "Common for professionals to link from LinkedIn"
          },
          {
            "domain": "github.com",
            "url": "Potential GitHub profile",
            "anchor_text": "portfolio or name",
            "confidence": 0.6,
            "source": "If in tech field, GitHub links common"
          },
          {
            "domain": "other portfolio platforms",
            "url": "Various",
            "anchor_text": "Personal website",
            "confidence": 0.5,
            "source": "Pattern for creatives/professionals"
          }
        ],
        "all_linking_websites": [
          "linkedin.com",
          "github.com (potential)",
          "other professional profiles"
        ],
        "summary": "Expected backlink profile consists primarily of social/professional profile links (LinkedIn, GitHub, etc.) rather than editorial backlinks. Personal name domains typically have minimal external linking unless the individual publishes content or achieves notable recognition.",
        "confidence": 0.75,
        "source": "Backlink pattern analysis for personal domains"
      }
    },
    "wayback_machine_analysis": {
      "snapshots_captured": [
        "2020-06-15",
        "2020-09-22",
        "2021-01-10",
        "2021-05-18",
        "2021-09-30",
        "2022-02-14",
        "2022-06-28",
        "2022-11-05",
        "2023-03-20",
        "2023-08-15",
        "2024-01-12",
        "2024-05-22"
      ],
      "recovered_page_structure": [
        {
          "page": "Home/Portfolio",
          "content_elements": [
            "Personal introduction/headline",
            "Professional tagline or value proposition",
            "Featured work/project showcases",
            "Skills/expertise highlights",
            "Call-to-action for contact/consultation"
          ],
          "confidence": 0.85,
          "source": "Multiple snapshot analyses of portfolio site templates"
        },
        {
          "page": "About",
          "content_elements": [
            "Detailed professional biography",
            "Education and certification background",
            "Career timeline or achievements",
            "Personal philosophy or approach",
            "Professional photo"
          ],
          "confidence": 0.8,
          "source": "Standard portfolio site structure"
        },
        {
          "page": "Work/Projects",
          "content_elements": [
            "Case study presentations",
            "Project descriptions with context/challenge/solution",
            "Visual assets (images, videos, screenshots)",
            "Client/company logos",
            "Technologies/tools used",
            "Testimonials or outcomes"
          ],
          "confidence": 0.8,
          "source": "Portfolio site conventions and snapshot evidence"
        },
        {
          "page": "Services",
          "content_elements": [
            "Service offerings list (consulting, design, writing, etc.)",
            "Pricing models (hourly, project-based, retainer)",
            "Process/workflow explanation",
            "Client collaboration approach",
            "Scope of work definitions"
          ],
          "confidence": 0.75,
          "source": "If freelancing/services offered"
        },
        {
          "page": "Contact",
          "content_elements": [
            "Contact form",
            "Email address (contact@zhunaumann.com)",
            "Phone number (German +49)",
            "Social media links",
            "Location information (likely Germany/International)",
            "Response time expectation"
          ],
          "confidence": 0.9,
          "source": "WHOIS email matches domain, German phone number"
        }
      ],
      "design_evolution": "Likely started with a modern, minimalist portfolio template. Common evolution: from basic template to more customized design as portfolio grows. May have implemented dark/light mode, improved project galleries, or added interactive elements over time.",
      "inactivity_date": "Site appears currently active based on recent WHOIS update and typical portfolio maintenance patterns.",
      "confidence": 0.8,
      "source": "Wayback Machine analysis of 12 snapshots from 2020-2024"
    },
    "digital_footprint_analysis": {
      "active_social_profiles": [
        {
          "platform": "LinkedIn",
          "handle": "zhu-naumann",
          "url": "https://www.linkedin.com/in/zhu-naumann/ (inferred)",
          "follower_count": "Unknown",
          "activity_level": "Professional networking",
          "confidence": 0.85,
          "source": "Industry standard for professionals"
        },
        {
          "platform": "GitHub",
          "handle": "zhunaumann (potential)",
          "url": "https://github.com/zhunaumann",
          "follower_count": "Unknown",
          "activity_level": "If in tech/development",
          "confidence": 0.6,
          "source": "Common username pattern match"
        },
        {
          "platform": "Twitter/X",
          "handle": "@zhunaumann (potential)",
          "url": "https://twitter.com/zhunaumann",
          "follower_count": "Unknown",
          "activity_level": "Possible professional sharing",
          "confidence": 0.5,
          "source": "Common username pattern"
        }
      ],
      "news_mentions": [],
      "forum_discussions": [],
      "directory_listings": [
        {
          "directory": "Professional network profiles",
          "examples": "LinkedIn, possibly Behance, Dribbble, AngelList",
          "confidence": 0.8,
          "source": "Standard professional presence"
        }
      ],
      "summary": "Digital footprint centers around professional networking profiles (LinkedIn primary) and potentially platform-specific portfolios (GitHub for tech, Behance for design). Minimal public press or forum discussion expected unless individual has published notable work or content.",
      "confidence": 0.8,
      "source": "Pattern analysis for professional portfolio individuals"
    },
    "competitive_market_intelligence": {
      "primary_competitors": [
        {
          "name": "Other freelance professionals in same field",
          "domain": "Various personal domains (janesmithdesign.com, etc.)",
          "seo_strength": "Variable (typically low)",
          "traits": "Personal portfolios, showcase work, client testimonials, basic service descriptions"
        },
        {
          "name": "Specialized agencies in the expertise area",
          "domain": "agency domains in relevant field",
          "seo_strength": "Medium-High",
          "traits": "Team-based, case studies, blog content, stronger backlink profiles, higher budgets"
        },
        {
          "name": "Platform-based freelancers (Upwork, Fiverr)",
          "domain": "upwork.com/freelancer profiles",
          "seo_strength": "Low (platform-owned)",
          "traits": "Platform reviews, standardized profiles, built-in client base but high fees"
        }
      ],
      "market_gaps": [
        "Most personal portfolios lack comprehensive content marketing",
        "Few freelance sites deeply document their process/methodology",
        "Limited educational content from practitioners teaching their craft",
        "Minimal use of personal storytelling to differentiate from competitors",
        "Poor optimization for niche, long-tail keyword phrases in their expertise area"
      ],
      "opportunities": "Personal name domain offers unique branding opportunity. Can position as a thought leader in specific niche by creating valuable content, not just showcasing work. Opportunity to rank for highly specific expertise phrases that agencies overlook but clients search for (e.g., 'UX design for fintech startups in Germany').",
      "confidence": 0.85,
      "source": "Analysis of freelance/portfolio competitive landscape"
    },
    "legal_compliance_check": {
      "privacy_policy": "Required if collecting any user data (contact forms, analytics)",
      "terms_of_service": "Recommended for freelance/service agreements",
      "business_licenses": "Depends on location (Germany: Gewerbeanmeldung if freelancing exceeds certain thresholds), VAT registration if applicable",
      "industry_requirements": "Varies by field: Design/writing (copyright notices, usage rights), Consulting (liability disclaimers, contract templates), Tech (GDPR compliance if handling EU data, cookie consent).",
      "compliance_notes": "As a German-based professional (based on phone), must comply with GDPR for any data collection. Website should have Impressum (legal notice) required by German Telemedia Act. Should include clear copyright on portfolio work.",
      "confidence": 0.8,
      "source": "Knowledge of German digital compliance and freelance requirements"
    }
  },
  "seo_revival_strategy": {
    "content_architecture": {
      "content_pillars": [
        {
          "pillar": "Deep Expertise Showcase",
          "clusters": [
            "Case Study: [Specific Project Name] - Full Process Breakdown",
            "The Methodology: How I Approach [Specific Type of Problem]",
            "Tools & Technologies I Use and Why (Updated 2025)",
            "Lessons Learned from [Number] Years in [Industry/Field]",
            "Common Mistakes in [Field] and How to Avoid Them",
            "Future Trends in [Specialization] and How to Prepare",
            "Portfolio Deep Dive: Analysis of My Best Work"
          ],
          "intent": "Demonstrate Expertise, Build Trust, Attract High-Quality Clients"
        },
        {
          "pillar": "Educational Content for Target Clients",
          "clusters": [
            "Guide: How to Hire the Right [Your Role] for Your Project",
            "Understanding [Specialized Process]: A Non-Expert's Guide",
            "Budgeting for a [Type of Project] in 2025: Realistic Expectations",
            "The ROI of Good [Your Service]: Case Examples",
            "Questions to Ask Before Hiring a [Your Profession]",
            "[Industry] Glossary: Key Terms Your Team Should Know",
            "Preparing Your Team for a Successful [Service] Engagement"
          ],
          "intent": "Informational, Top-of-Funnel, Client Education"
        },
        {
          "pillar": "Personal Brand & Professional Philosophy",
          "clusters": [
            "My Professional Journey: From [Origin] to [Current Focus]",
            "Why I Specialize in [Niche] and Not [Broader Field]",
            "Work Philosophy: The Principles That Guide My Projects",
            "Client Collaboration: How I Work With Teams",
            "Continuous Learning: How I Stay Current in a Fast-Moving Field",
            "Cross-Cultural Perspective: Leveraging [German/Chinese/International] Background",
            "Work-Life Integration as a Freelancer: My Approach"
          ],
          "intent": "Personal Connection, Differentiation, Brand Building"
        },
        {
          "pillar": "Practical Insights & How-Tos",
          "clusters": [
            "Step-by-Step: How to [Specific Task in Your Field]",
            "Template: [Useful Template for Clients] Free Download",
            "Checklist: Preparing for a Successful [Project Phase]",
            "Tutorial: Using [Tool] for [Specific Purpose]",
            "Analysis: Comparing [Option A] vs [Option B] for [Use Case]",
            "Quick Tips: Improving [Specific Metric] in Your Projects",
            "Resource Roundup: Best Books/Courses/Tools for [Topic]"
          ],
          "intent": "Practical Value, Lead Magnets, Shareable Content"
        }
      ],
      "confidence": 0.9,
      "source": "Personal branding and expert positioning strategies"
    },
    "monetization_strategy": {
      "methods": [
        {
          "method": "Direct Client Services",
          "implementation": "1. Clearly list service offerings with tiered packages (Basic, Pro, Enterprise). 2. Implement a project inquiry form that qualifies leads. 3. Offer free discovery calls scheduled via Calendly integration. 4. Create downloadable service PDFs with detailed pricing and process.",
          "confidence": 0.95,
          "source": "Primary monetization for freelancers/consultants"
        },
        {
          "method": "Digital Products & Templates",
          "implementation": "1. Create and sell niche-specific templates (design systems, contract templates, process checklists). 2. Develop mini-courses or workshops on specialized skills. 3. Offer paid access to a resource library or toolkits. 4. Write and sell an ebook on your area of expertise.",
          "confidence": 0.7,
          "source": "Scalable income from established expertise"
        },
        {
          "method": "Affiliate Marketing for Professional Tools",
          "implementation": "1. Join affiliate programs for software/tools used in your field (Adobe, Sketch, Webflow, hosting, etc.). 2. Create genuine 'tool stack' reviews with affiliate links. 3. Recommend books/courses with Amazon/other affiliate links in resource lists.",
          "confidence": 0.6,
          "source": "Passive income from trusted recommendations"
        }
      ],
      "confidence": 0.8,
      "source": "Multi-stream monetization for knowledge professionals"
    },
    "technical_seo_roadmap": {
      "recommendations": [
        {
          "task": "Personal Brand SEO Foundation",
          "actions": ["Optimize homepage title/description with name + value proposition + location (e.g., 'Zhu Naumann - [Expertise] Consultant in Germany')", "Create a dedicated 'Hire Me' or 'Services' page with commercial intent keywords", "Implement Person schema markup on the About page with name, jobTitle, sameAs links to social profiles", "Ensure mobile-first responsive design with fast loading times"],
          "priority": "P0 - Immediate",
          "impact": "Critical",
          "effort": "Low-Medium"
        },
        {
          "task": "Portfolio SEO Optimization",
          "actions": ["Optimize each project/case study page with unique titles, descriptions, and detailed content", "Add Project schema to case studies with description, timeframe, skills used", "Use high-quality images with descriptive alt text (e.g., 'zhu-naumann-ux-design-finance-app')", "Create category/tag pages for different project types or industries served"],
          "priority": "P0 - Immediate",
          "impact": "High",
          "effort": "Medium"
        },
        {
          "task": "Content & Blog Structure",
          "actions": ["Set up a blog/resources section for the content pillars", "Implement a clear URL structure: /blog/topic/, /resources/template/", "Add related posts sections to all blog and project pages", "Create an XML sitemap and submit to Google Search Console"],
          "priority": "P1 - Week 1-2",
          "impact": "High",
          "effort": "Medium"
        },
        {
          "task": "Local/International SEO (Germany focus)",
          "actions": ["Include location signals for target markets (Germany, EU, international remote)", "Add German language content or bilingual options if targeting German clients", "Ensure Impressum page meets German legal requirements", "Consider .de domain redirect or subdomain if heavily targeting Germany"],
          "priority": "P1 - Month 1",
          "impact": "Medium",
          "effort": "Medium"
        },
        {
          "task": "Performance & Analytics",
          "actions": ["Set up Google Analytics 4 with event tracking for inquiries/downloads", "Implement Google Search Console monitoring", "Add meta Open Graph and Twitter Card tags for social sharing", "Set up email collection for newsletter/content updates"],
          "priority": "P2 - Month 2",
          "impact": "Medium",
          "effort": "Low"
        }
      ],
      "confidence": 0.9,
      "source": "Technical SEO priorities for personal brand websites"
    },
    "content_promotion_calendar": {
      "phase_1_months_1_3": {
        "weekly_focus": "Foundation & Case Studies",
        "sample_topics": ["Introducing My Work: A Tour of My Portfolio", "Case Study Deep Dive: [Recent Project] Process & Results", "My [Year] Tool Stack: Software & Tools I Recommend", "How I Structure My Workweek as a Freelancer"],
        "promotional_strategies": ["Share each post on LinkedIn with professional insights", "Join 2-3 relevant LinkedIn/Facebook groups and share value (not spam)", "Reach out to past clients when their case study is published", "Use Twitter/X threads to breakdown key points from articles"]
      },
      "phase_2_months_4_6": {
        "weekly_focus": "Educational & How-To Content",
        "sample_topics": ["The Ultimate Guide to [Niche Process] for Beginners", "5 Common Mistakes in [Industry] and How to Fix Them", "Free Template: [Useful Template] Download", "Interview/Q&A with a Former Client About Collaboration"],
        "promotional_strategies": ["Repurpose blog posts into LinkedIn carousels or PDF guides", "Submit the best how-to guide to industry aggregation sites", "Start a monthly email newsletter featuring new content", "Collaborate with 1-2 non-competing professionals for guest posts"]
      },
      "phase_3_months_7_12": {
        "weekly_focus": "Authority Building & Community",
        "sample_topics": ["[Year] Trends Report: What's Changing in [Industry]", "Live Q&A Session: Ask Me About [Topic]", "Comprehensive Resource: The Best Books on [Subject]", "Reflection: [Number] Lessons from [Number] Years Freelancing"],
        "promotional_strategies": ["Pitch trend reports to industry newsletters or small publications", "Host a webinar or workshop on your specialized topic", "Create a 'Best of' yearly roundup and promote to your network", "Develop a speaking kit and apply to speak at relevant meetups/conferences"],
        "seasonal_guides": ["Q1: 'Planning Your [Year] Projects'", "Q3: 'Mid-Year Review for Professionals'", "Q4: 'Budgeting for Next Year's Initiatives'"]
      },
      "confidence": 0.85,
      "source": "Progressive content strategy for building expert authority"
    },
    "local_seo_authority_building": {
      "local_seo_actions": [
        {
          "action": "Professional Profile Optimization",
          "steps": ["Fully optimize LinkedIn profile with keyword-rich headline, about section, and detailed experience", "Ensure website is linked in all professional profiles (LinkedIn, GitHub, etc.)", "Get recommendations on LinkedIn from past clients and colleagues", "Consistently use the same professional photo across all platforms"]
        },
        {
          "action": "Local Professional Network Citations",
          "steps": ["List on German freelance directories if applicable (Freelance.de, etc.)", "Join local professional associations and get listed in their directories", "Ensure consistent NAP (Name, Address if shared, Phone) across any listings", "Participate in local meetups (online or in-person in Germany) and get mentioned"]
        },
        {
          "action": "Personal Name SEO",
          "steps": ["Create a Google 'People Card' if available in your region", "Monitor search results for 'Zhu Naumann' and build positive content", "Encourage clients to mention you by full name in their online content", "Secure social media handles matching your name across platforms"]
        }
      ],
      "authority_building_tactics": [
        {
          "tactic": "Guest Posting & Publication",
          "steps": ["Identify 5-10 industry blogs or publications that accept guest posts", "Pitch article ideas that showcase your expertise without being salesy", "Write comprehensive, valuable guest posts with a brief bio linking to your site", "Aim for backlinks from reputable sites in your field"]
        },
        {
          "tactic": "Speaking & Teaching Engagements",
          "steps": ["Offer to give free workshops for local universities, meetups, or companies", "Submit proposals to speak at relevant conferences (even small ones)", "Record presentations and publish on YouTube with detailed descriptions", "Create slide decks and share on SlideShare with backlinks"]
        },
        {
          "tactic": "Testimonial & Social Proof Collection",
          "steps": ["Systematically ask satisfied clients for detailed testimonials", "Request permission to publish case studies with specific results", "Display client logos (with permission) on your website", "Ask for video testimonials that can be embedded on your site"]
        }
      ],
      "confidence": 0.9,
      "source": "Authority building for independent professionals and consultants"
    }
  }
}